Dir,Bed,Bath,Mts,Precio,geo
"Calle A, Irpavi 2, irpavi 2",2.0,1.0,304.0,60000.0,POINT (-68.0820496 -16.5011812)
1063 calle final canada,2.0,1.0,174.0,65000.0,POINT EMPTY
calle 5-z las nieces c5 final landaeta,6.0,3.0,390.0,95000.0,POINT EMPTY
19 urb villa adela,3.0,1.0,319.0,96500.0,POINT EMPTY
"25 25 de calacoto, los pinos ",3.0,2.0,135.0,117000.0,POINT (-68.07417744519364 -16.542820900000002)
calle 60 chasquipampa,3.0,2.0,431.0,140000.0,POINT (-68.0410921 -16.5345272)
"2200 v san antonio, av josefa mujia",4.0,2.0,329.39,150000.0,POINT EMPTY
"calle 5 No 75, barrio agrario Mallasa, la paz, bolivia",4.0,2.0,200.0,155000.0,POINT EMPTY
"calle 3 No 992, rosas de wilacota, la paz, bolivia",6.0,2.0,559.0,156000.0,POINT EMPTY
"calle victoria, pacajes, la paz, bolivia",5.0,3.0,345.0,160000.0,POINT EMPTY
"Av Carlos Loayza Beltran 50, Alto san antonio, La Paz, Bolivia",4.0,2.0,407.1,160000.0,POINT EMPTY
"Carandaiti, Cristo Rey, La Paz, Bolivia",4.0,3.0,240.0,165000.0,POINT EMPTY
"Calle 21 140, Colinas de Achumani, La Paz Bolivia",3.0,3.0,372.44,182000.0,POINT EMPTY
"Calle E, Irpavi 2, La Paz, Bolivia",4.0,4.0,218.14,175278.0,POINT (-68.0820747 -16.5021211)
"Rafael Pabon 76, Villa el Carmen, La Paz, Bolivia",5.0,4.0,546.06,170000.0,POINT (-68.1128026 -16.4658671)
"El pedregal, la Paz, Bolivia",3.0,3.0,563.0,185000.0,POINT (-68.0545677746202 -16.549055799999998)
"Avenida A, Pedregal, La Paz, Bolivia",4.0,5.0,450.0,189000.0,POINT (-68.053502 -16.5482002)
"Araona 30, San Antonio, La Paz, Bolivia",4.0,2.0,760.97,190000.0,POINT EMPTY
"Alberto Udaeda, Rosales, La Paz, Bolivia",4.0,5.0,557.83,193000.0,POINT EMPTY
"Los Rosales 6, Los Rosales, La Paz, Bolivia",3.0,4.0,520.0,198000.0,POINT EMPTY
"Sector F No 10, Urbanización Retamani, Mallasa, La Paz, Bolivia",4.0,4.0,700.0,205000.0,POINT EMPTY
"Calle 50 9, Chasquipampa, La Paz, Bolivia",3.0,2.0,320.9,208000.0,POINT (-68.0489001 -16.538895)
"Urbanizacion Colinas verdes , Las lomas Achumani, La Paz, Bolivia",3.0,2.0,437.71,210000.0,POINT EMPTY
"Segurncani, Lomas de Achumani, La Paz, Bolivia",5.0,5.0,470.0,225000.0,POINT EMPTY
"Calle 19, Kantuta, Llojeta, La Paz, Bolivia",4.0,4.0,604.0,220000.0,POINT EMPTY
"Achumani, La Paz, Bolivia",3.0,4.0,650.0,220000.0,POINT (-67.9382744 -16.8845181)
"Calle 7 15, Bolonia, La Paz, Bolivia",3.0,5.0,670.0,230000.0,POINT EMPTY
"Calle 2 No 2, Obrajes, La Paz, Bolivia",6.0,4.0,611.0,238000.0,POINT (-68.1102388 -16.5194813)
"Calle Felipe Lopez, Alto Miraflores, La Paz, Bolivia",9.0,4.0,460.0,240000.0,POINT (-68.1231883 -16.4812224)
"Calle E, Irpavi 2, La Paz, Bolivia",4.0,4.0,276.86,243636.0,POINT (-68.0820747 -16.5021211)
"Mote Bello, La Paz, Bolivia",5.0,4.0,803.0,250000.0,POINT EMPTY
"Calle 5 No 6, Pampahasi, La Paz, Bolivia",11.0,5.0,639.0,260000.0,POINT (-68.1026937 -16.4989404)
"Kellumani, La Paz, Bolivia",4.0,5.0,632.0,250000.0,POINT EMPTY
"Calle 2, Mallasa, La Paz, Bolivia",9.0,3.0,800.0,250000.0,POINT (-68.0902382 -16.5679996)
"Centro, La Paz, Bolivia",7.0,3.0,612.0,260000.0,POINT (-68.1297842 -16.502422)
"Calle 6, Los Pinos, La Paz, Bolivia",3.0,3.0,426.0,263500.0,POINT (-68.0726892 -16.546484)
"Calle E, Irpavi 2, La Paz, Bolivia",4.0,4.0,351.07,270157.0,POINT (-68.0820747 -16.5021211)
"Calle 31 200, Cota Cota, La Paz, Bolivia",4.0,2.0,623.84,300000.0,POINT (-68.0613333 -16.5462108)
"Calle 6 402, Los Pinos, La Paz, Bolivia",4.0,3.0,556.88,290000.0,POINT (-68.0726892 -16.546484)
"Calle 11 99, Los Rosales, La Paz, Bolivia",3.0,2.0,1299.0,280000.0,POINT EMPTY
"Calle 13 y 14 de Septiembre, Obrajes, La Paz, Bolivia",4.0,5.0,337.0,300000.0,POINT EMPTY
"Av Los Sargentos, La Paz, Bolivia",10.0,5.0,422.0,320000.0,POINT (-68.1161758 -16.5274656)
"Av del Policia 374, La Paz, Bolivia",3.0,2.0,409.0,330000.0,POINT (-68.1040221 -16.5328443)
"Cordero 139, Sopocachi, La Paz Bolivia",3.0,2.0,595.0,350000.0,POINT EMPTY
"Ruiseñor Aruntaya 24, irpavi, La Paz, Bolivia",6.0,3.0,873.84,350000.0,POINT EMPTY
"Calle vilacanota 1759, La Paz, Bolivia",6.0,4.0,386.81,323667.65109859157,POINT EMPTY
"Los Clavales 2542, Sopocachi, La Paz, Bolivia",3.0,3.0,670.0,360000.0,POINT EMPTY
"Maria Aguirre 615, La Paz, Bolivia",8.0,5.0,739.08,370000.0,POINT (-68.072903 -16.5453335)
"Jose Saravia, Tembladerani, La Paz, Bolivia",9.0,16.0,853.0,380000.0,POINT (-68.1407277 -16.512726)
"Fermin Rivero 727, San Pedro, La Paz, Bolivia",11.0,5.0,784.0,380000.0,POINT EMPTY
"Las Vizcachas, Auquisamaña, La Paz, Bolivia",5.0,5.0,757.95,410000.0,POINT EMPTY
"Achumani, La Paz, Bolivia",4.0,4.0,970.0,470000.0,POINT (-67.9382744 -16.8845181)
"Achumani, La Paz, Bolivia",4.0,6.0,632.0,440000.0,POINT (-67.9382744 -16.8845181)
"Av Los Sargentos 35, Bajo Llojeta, La Paz, Bolivia",10.0,6.0,567.0,420000.0,POINT EMPTY
"Francisco Bedregal 2941, Centro, La Paz, Bolivia",4.0,3.0,871.21,480000.0,POINT EMPTY
"Calle 5, Irpavi, La Paz, Bolivia",4.0,5.0,1043.87,490000.0,POINT (-68.0829997 -16.5025652)
"Calle Agrario 2, Mallasa, La Paz, Bolivia",12.0,8.0,484.67,495000.0,POINT (-68.088055 -16.5693149)
"Eduardo Berdecio, San Pedro, La Paz, Bolivia",10.0,5.0,797.86,520000.0,POINT EMPTY
"Llojeta, Vergel, La Paz, Bolivia",20.0,8.0,2700.0,580000.0,POINT EMPTY
"Casimiro corrales, Miraflores, La Paz, Bolivia",10.0,20.0,824.0,630000.0,POINT (-68.1251958 -16.4974011)
"Ex Hacienda La Union 124, Villa el Carmen, La Paz, Bolivia",20.0,9.0,1272.57,720000.0,POINT EMPTY
"Eguino Entre Calle Viacha y Manco, La Paz, Bolivia",10.0,5.0,840.19,720000.0,POINT EMPTY
"Urbanizacion Los Geranios 21, La Florida, La Paz, Bolivia",5.0,5.0,1277.0,750000.0,POINT EMPTY
"Jardines del Sur 53, Achumani, La Paz, Bolivia",5.0,7.0,1122.0,788000.0,POINT EMPTY
"Calle 17, calacoto, La Paz, Bolivia",4.0,4.0,1527.0,800000.0,POINT (-68.0827447 -16.5387682)
"Urbanizacion Sequioa 12A, Aranjuez Sequioa, La Paz, Bolivia",3.0,5.0,400.0,327932.41562621196,POINT EMPTY
"Urbanizacion los Geranios 27, La Florida, La Paz, Bolivia",5.0,5.0,1828.0,860000.0,POINT EMPTY
"Calle 32, Achumani, La Paz, Bolivia",4.0,3.0,905.0,570000.0,POINT (-68.0736753 -16.5299455)
"Prolongacion 31, Achumani, La Paz, Bolivia",4.650765484573745,3.6326090668952014,461.02817524191414,173000.0,POINT EMPTY
"Alto irpavi, La Paz, Bolivia",4.0,6.0,328.0,275000.0,POINT (-68.080559 -16.5229935)
"Achumani, La Paz, Bolivia",3.0,7.0,684.0,1450000.0,POINT (-67.9382744 -16.8845181)
"Achumani, La Paz, Bolivia",5.0,7.0,935.0,1010000.0,POINT (-67.9382744 -16.8845181)
"Calacoto, La Paz, Bolivia",3.0,4.0,390.0,745000.0,POINT (-68.6355054 -17.2826209)
"Calle 31, Achumani, La Paz, Bolivia",4.0,5.0,325.0,173000.0,POINT (-68.0736753 -16.5299455)
"Retamani 2, Mallasa, La Paz, Bolivia",4.0,4.0,208.0,120000.0,POINT (-68.0959394 -16.575464)
"Pamirpampa, Achumani, La Paz, Bolivia",5.0,5.0,280.0,430000.0,POINT EMPTY
"Club de Golf, Mallasilla, La Paz, Bolivia",4.0,5.0,325.0,475000.0,POINT EMPTY
"Calle 39, Achumani, La Paz, Bolivia",5.0,4.0,336.0,265000.0,POINT (-68.0736753 -16.5299455)
"Calle 26 No 23, Cota Cota, La Paz, Bolivia",4.0,5.0,289.0,390000.0,POINT (-68.0709256 -16.5415987)
"Aquisamaña, La Paz, Bolivia",5.0,8.0,670.0,1250000.0,POINT EMPTY
"Aquisamaña, La Paz, Bolivia",3.0,3.0,240.0,250000.0,POINT EMPTY
"Calle 5 A1, Rio Abajo, La Paz, Bolivia",3.0,3.0,220.0,154000.0,POINT EMPTY
"Calle 31, Achumani, La Paz, Bolivia",4.0,6.0,361.0,520000.0,POINT (-68.0736753 -16.5299455)
"Aranjuez, La Paz, Bolivia",4.0,6.0,430.0,470000.0,POINT (-66.9561011 -17.5895077)
"Calle 30, Achumani, La Paz, Bolivia",5.0,5.0,508.0,370000.0,POINT (-68.0736753 -16.5299455)
"Calle 22, Achumani, La Paz, Bolivia",4.0,4.0,600.0,780000.0,POINT (-68.0707463 -16.5289676)
"Urbanización Isla Verde, Mallasilla, La Paz, Bolivia",3.0,5.0,251.0,229000.0,POINT EMPTY
"Plaza España, Sopocachi, La Paz, Bolivia",8.0,5.0,378.0,370000.0,POINT EMPTY
"Calle 30, Cota Cota, La Paz, Bolivia",4.0,5.0,380.0,750000.0,POINT (-68.0632075 -16.5400175)
"Urbanizacion Valle Vergelito, Llojeta, La Paz, Bolivia",16.0,12.0,1300.0,580000.0,POINT EMPTY
"Auqisamaña, La Paz, Bolivia",4.0,6.0,670.0,980000.0,POINT EMPTY
"Paripampa, La Paz, Bolivia",3.0,4.0,250.0,260000.0,POINT (-69.0010604 -15.5448056)
"Umamanta fase 2, Mallasa, La Paz, Bolivia",4.0,4.0,360.0,355000.0,POINT EMPTY
"Los Geranios, La fFlorida, La Paz, Bolivia",5.0,5.0,478.0,860000.0,POINT EMPTY
"Umamanta , Mallasa, La Paz, Bolivia",4.0,5.0,350.0,355000.0,POINT EMPTY
"Las Retamas, Seguencoma, La Paz, Bolivia",3.0,5.0,226.0,250000.0,POINT EMPTY
"Condominio Enmanuel, Lomas de Achumani, La Paz, Bolivia",4.0,3.0,520.0,590000.0,POINT EMPTY
"Sequoia, La Paz, Bolivia",4.0,5.0,600.0,450000.0,POINT (-68.1119722 -16.5561464)
"San Jorge, La Paz, Bolivia",15.0,8.0,905.0,1500000.0,POINT (-67.4203538 -16.5073793)
"Calle Claudio Sanjines, Miraflores, La Paz, Bolivia",6.0,3.0,348.0,335000.0,POINT EMPTY
