Dir,Bed,Bath,Mts,Precio,geo,Cluster
"Calle A, Irpavi 2, irpavi 2",2,1,304,60000,POINT (-68.0820496 -16.5011812),-1
1063 calle final canada,2,1,174,65000,POINT (-68.1263274 -16.4864047),-1
calle 5-z las nieces c5 final landaeta,6,3,390,95000,POINT (-68.1292611 -16.4882005),-1
19 urb villa adela,3,1,319,96500,POINT (-68.1263274 -16.4864047),-1
"25 25 de calacoto, los pinos ",3,2,135,117000,POINT (-68.1292611 -16.4882005),0
calle 60 chasquipampa,3,2,431,140000,POINT (-68.0410921 -16.5345272),0
"2200 v san antonio, av josefa mujia",4,2,329.39,150000,POINT (-68.1102396 -16.5013349),0
"calle 5 No 75, barrio agrario Mallasa, la paz, bolivia",4,2,200,155000,POINT (-68.1029548 -16.5055758),0
"calle 3 No 992, rosas de wilacota, la paz, bolivia",6,2,559,156000,POINT (-68.0428908 -16.5265569),-1
"calle victoria, pacajes, la paz, bolivia",5,3,345,160000,POINT (-68.0582117 -16.5265099),0
"Av Carlos Loayza Beltran 50, Alto san antonio, La Paz, Bolivia",4,2,407.1,160000,POINT (-68.1088455 -16.5045882),0
"Carandaiti, Cristo Rey, La Paz, Bolivia",4,3,240,165000,POINT (-68.1370996 -16.5122387),0
"Calle 21 140, Colinas de Achumani, La Paz Bolivia",3,3,372.44,182000,POINT (-68.0692373 -16.5288624),0
"Calle E, Irpavi 2, La Paz, Bolivia",4,4,218.14,175278,POINT (-68.0820747 -16.5021211),0
"Rafael Pabon 76, Villa el Carmen, La Paz, Bolivia",5,4,546.06,170000,POINT (-68.1128026 -16.4658671),0
"El pedregal, la Paz, Bolivia",3,3,563,185000,POINT (-68.0545677746202 -16.549055799999998),0
"Avenida A, Pedregal, La Paz, Bolivia",4,5,450,189000,POINT (-68.053502 -16.5482002),0
"Araona 30, San Antonio, La Paz, Bolivia",4,2,760.97,190000,POINT (-68.2676042 -16.5204987),-1
"Alberto Udaeda, Rosales, La Paz, Bolivia",4,5,557.83,193000,POINT (-68.0825737 -16.5303566),0
"Los Rosales 6, Los Rosales, La Paz, Bolivia",3,4,520,198000,POINT (-68.0825737 -16.5303566),0
"Sector F No 10, Urbanización Retamani, Mallasa, La Paz, Bolivia",4,4,700,205000,POINT (-68.090581 -16.5776727),0
"Calle 50 9, Chasquipampa, La Paz, Bolivia",3,2,320.9,208000,POINT (-68.0489001 -16.538895),0
"Urbanizacion Colinas verdes , Las lomas Achumani, La Paz, Bolivia",3,2,437.71,210000,POINT (-68.0692373 -16.5288209),0
"Segurncani, Lomas de Achumani, La Paz, Bolivia",5,5,470,225000,POINT (-68.1234118 -16.5775824),0
"Calle 19, Kantuta, Llojeta, La Paz, Bolivia",4,4,604,220000,POINT (-67.2679389 -16.3999784),0
"Achumani, La Paz, Bolivia",3,4,650,220000,POINT (-67.9382744 -16.8845181),0
"Calle 7 15, Bolonia, La Paz, Bolivia",3,5,670,230000,POINT (-68.1129681 -16.4667665),0
"Calle 2 No 2, Obrajes, La Paz, Bolivia",6,4,611,238000,POINT (-68.1102388 -16.5194813),0
"Calle Felipe Lopez, Alto Miraflores, La Paz, Bolivia",9,4,460,240000,POINT (-68.1231883 -16.4812224),-1
"Calle E, Irpavi 2, La Paz, Bolivia",4,4,276.86,243636,POINT (-68.0820747 -16.5021211),0
"Mote Bello, La Paz, Bolivia",5,4,803,250000,POINT (-68.0723969 -16.4989982),0
"Calle 5 No 6, Pampahasi, La Paz, Bolivia",11,5,639,260000,POINT (-68.1026937 -16.4989404),-1
"Kellumani, La Paz, Bolivia",4,5,632,250000,POINT (-68.0469524 -16.4989372),0
"Calle 2, Mallasa, La Paz, Bolivia",9,3,800,250000,POINT (-68.0902382 -16.5679996),-1
"Centro, La Paz, Bolivia",7,3,612,260000,POINT (-68.1297842 -16.502422),-1
"Calle 6, Los Pinos, La Paz, Bolivia",3,3,426,263500,POINT (-68.0726892 -16.546484),0
"Calle E, Irpavi 2, La Paz, Bolivia",4,4,351.07,270157,POINT (-68.0820747 -16.5021211),0
"Calle 31 200, Cota Cota, La Paz, Bolivia",4,2,623.84,300000,POINT (-68.0613333 -16.5462108),0
"Calle 6 402, Los Pinos, La Paz, Bolivia",4,3,556.88,290000,POINT (-68.0726892 -16.546484),0
"Calle 11 99, Los Rosales, La Paz, Bolivia",3,2,1299,280000,POINT (-68.0825737 -16.5303566),-1
"Calle 13 y 14 de Septiembre, Obrajes, La Paz, Bolivia",4,5,337,300000,POINT (-68.1064855 -16.5275029),0
"Av Los Sargentos, La Paz, Bolivia",10,5,422,320000,POINT (-68.1161758 -16.5274656),-1
"Av del Policia 374, La Paz, Bolivia",3,2,409,330000,POINT (-68.1040221 -16.5328443),0
"Cordero 139, Sopocachi, La Paz Bolivia",3,2,595,350000,POINT (-68.1328458 -16.5111082),-1
"Ruiseñor Aruntaya 24, irpavi, La Paz, Bolivia",6,3,873.84,350000,POINT (-68.0847929 -16.5029375),-1
"Calle vilacanota 1759, La Paz, Bolivia",6,4,386.81,323667.6511,POINT (-68.1569284 -16.4886902),-1
"Los Clavales 2542, Sopocachi, La Paz, Bolivia",3,3,670,360000,POINT (-68.1449952 -16.5090077),0
"Maria Aguirre 615, La Paz, Bolivia",8,5,739.08,370000,POINT (-68.072903 -16.5453335),-1
"Jose Saravia, Tembladerani, La Paz, Bolivia",9,16,853,380000,POINT (-68.1407277 -16.512726),-1
"Fermin Rivero 727, San Pedro, La Paz, Bolivia",11,5,784,380000,POINT (-68.1447137 -16.5015904),-1
"Las Vizcachas, Auquisamaña, La Paz, Bolivia",5,5,757.95,410000,POINT (-68.1775444 -16.5015001),-1
"Achumani, La Paz, Bolivia",4,4,970,470000,POINT (-67.9382744 -16.8845181),-1
"Achumani, La Paz, Bolivia",4,6,632,440000,POINT (-67.9382744 -16.8845181),-1
"Av Los Sargentos 35, Bajo Llojeta, La Paz, Bolivia",10,6,567,420000,POINT (-68.1239235 -16.5274975),-1
"Francisco Bedregal 2941, Centro, La Paz, Bolivia",4,3,871.21,480000,POINT (-68.1302294 -16.5163203),-1
"Calle 5, Irpavi, La Paz, Bolivia",4,5,1043.87,490000,POINT (-68.0829997 -16.5025652),-1
"Calle Agrario 2, Mallasa, La Paz, Bolivia",12,8,484.67,495000,POINT (-68.088055 -16.5693149),-1
"Eduardo Berdecio, San Pedro, La Paz, Bolivia",10,5,797.86,520000,POINT (-68.1388724 -16.5089274),-1
"Llojeta, Vergel, La Paz, Bolivia",20,8,2700,580000,POINT (-68.1400515 -16.5334633),-1
"Casimiro corrales, Miraflores, La Paz, Bolivia",10,20,824,630000,POINT (-68.1251958 -16.4974011),-1
"Ex Hacienda La Union 124, Villa el Carmen, La Paz, Bolivia",20,9,1272.57,720000,POINT (-68.1172997 -16.4670568),-1
"Eguino Entre Calle Viacha y Manco, La Paz, Bolivia",10,5,840.19,720000,POINT (-68.1429567 -16.493872),-1
"Urbanizacion Los Geranios 21, La Florida, La Paz, Bolivia",5,5,1277,750000,POINT (-68.1768919 -16.4923771),-1
"Jardines del Sur 53, Achumani, La Paz, Bolivia",5,7,1122,788000,POINT (-68.1941791 -16.509976),-1
"Calle 17, calacoto, La Paz, Bolivia",4,4,1527,800000,POINT (-68.0827447 -16.5387682),-1
"Urbanizacion Sequioa 12A, Aranjuez Sequioa, La Paz, Bolivia",3,5,400,327932.4156,POINT (-68.130224 -16.5471876),0
"Urbanizacion los Geranios 27, La Florida, La Paz, Bolivia",5,5,1828,860000,POINT (-68.1768919 -16.4923771),-1
"Calle 32, Achumani, La Paz, Bolivia",4,3,905,570000,POINT (-68.0736753 -16.5299455),-1
"Prolongacion 31, Achumani, La Paz, Bolivia",4.650765485,3.632609067,461.0281752,173000,POINT (-68.054357 -16.5177921),0
"Alto irpavi, La Paz, Bolivia",4,6,328,275000,POINT (-68.080559 -16.5229935),0
"Achumani, La Paz, Bolivia",3,7,684,1450000,POINT (-67.9382744 -16.8845181),-1
"Achumani, La Paz, Bolivia",5,7,935,1010000,POINT (-67.9382744 -16.8845181),-1
"Calacoto, La Paz, Bolivia",3,4,390,745000,POINT (-68.6355054 -17.2826209),-1
"Calle 31, Achumani, La Paz, Bolivia",4,5,325,173000,POINT (-68.0736753 -16.5299455),0
"Retamani 2, Mallasa, La Paz, Bolivia",4,4,208,120000,POINT (-68.0959394 -16.575464),0
"Pamirpampa, Achumani, La Paz, Bolivia",5,5,280,430000,POINT (-68.0720111 -16.5263415),0
"Club de Golf, Mallasilla, La Paz, Bolivia",4,5,325,475000,POINT (-68.1058322 -16.5693748),0
"Calle 39, Achumani, La Paz, Bolivia",5,4,336,265000,POINT (-68.0736753 -16.5299455),0
"Calle 26 No 23, Cota Cota, La Paz, Bolivia",4,5,289,390000,POINT (-68.0709256 -16.5415987),0
"Aquisamaña, La Paz, Bolivia",5,8,670,1250000,POINT (-68.0731613 -16.5524759),-1
"Aquisamaña, La Paz, Bolivia",3,3,240,250000,POINT (-68.0731613 -16.5524759),0
"Calle 5 A1, Rio Abajo, La Paz, Bolivia",3,3,220,154000,POINT (-68.0770195 -16.5875794),0
"Calle 31, Achumani, La Paz, Bolivia",4,6,361,520000,POINT (-68.11284 -16.5665517),0
"Aranjuez, La Paz, Bolivia",4,6,430,470000,POINT (-66.9561011 -17.5895077),0
"Calle 30, Achumani, La Paz, Bolivia",5,5,508,370000,POINT (-68.0736753 -16.5299455),-1
"Calle 22, Achumani, La Paz, Bolivia",4,4,600,780000,POINT (-68.0707463 -16.5289676),-1
"Urbanización Isla Verde, Mallasilla, La Paz, Bolivia",3,5,251,229000,POINT (-68.0770195 -16.5875794),0
"Plaza España, Sopocachi, La Paz, Bolivia",8,5,378,370000,POINT (-68.11284 -16.5665517),-1
"Calle 30, Cota Cota, La Paz, Bolivia",4,5,380,750000,POINT (-68.0632075 -16.5400175),-1
"Urbanizacion Valle Vergelito, Llojeta, La Paz, Bolivia",16,12,1300,580000,POINT (-68.2917793 -16.559659),-1
"Auqisamaña, La Paz, Bolivia",4,6,670,980000,POINT (-68.0731613 -16.5524759),-1
"Paripampa, La Paz, Bolivia",3,4,250,260000,POINT (-69.0010604 -15.5448056),0
"Umamanta fase 2, Mallasa, La Paz, Bolivia",4,4,360,355000,POINT (-68.0712032 -16.6122848),0
"Los Geranios, La fFlorida, La Paz, Bolivia",5,5,478,860000,POINT (-68.1591581 -16.5783751),-1
"Umamanta , Mallasa, La Paz, Bolivia",4,5,350,355000,POINT (-68.0712032 -16.6122848),0
"Las Retamas, Seguencoma, La Paz, Bolivia",3,5,226,250000,POINT (-68.0717097 -16.5427782),0
"Condominio Enmanuel, Lomas de Achumani, La Paz, Bolivia",4,3,520,590000,POINT (-68.1514231 -16.5027495),-1
"Sequoia, La Paz, Bolivia",4,5,600,450000,POINT (-68.1119722 -16.5561464),-1
"San Jorge, La Paz, Bolivia",15,8,905,1500000,POINT (-67.4203538 -16.5073793),-1
"Calle Claudio Sanjines, Miraflores, La Paz, Bolivia",6,3,348,335000,POINT (-68.1211359 -16.5058081),-1
"Condominio Esmeralda, La Paz, Bolivia",3,3,151.2,160800,POINT (-68.0721243 -16.5524357),0