,geometry,address
0,POINT (-68.0820496 -16.5011812),"PumaKatari - Calle 2 Irpavi II, Calle 2, Irpavi II, Sur, La Paz, Pedro Domingo Murillo, La Paz, Bolivia"
1,POINT EMPTY,
2,POINT EMPTY,
3,POINT EMPTY,
4,POINT (-68.07417744519364 -16.542820900000002),"Entrada 4 de Los Pinos, Los Pinos, Sur, La Paz, Pedro Domingo Murillo, La Paz, Bolivia"
5,POINT (-68.0410921 -16.5345272),"Calle 60, Virgen de la Merced, Sur, La Paz, Pedro Domingo Murillo, La Paz, Bolivia"
6,POINT EMPTY,
7,POINT EMPTY,
8,POINT EMPTY,
9,POINT EMPTY,
10,POINT EMPTY,
11,POINT EMPTY,
12,POINT EMPTY,
13,POINT (-68.0820747 -16.5021211),"Calle E, Irpavi II, Sur, La Paz, Pedro Domingo Murillo, La Paz, Bolivia"
14,POINT (-68.1128026 -16.4658671),"Rafael Pabon, Villa El Carmen, Periférica, La Paz, Pedro Domingo Murillo, La Paz, Bolivia"
15,POINT (-68.0545677746202 -16.549055799999998),"Club Hipico El Pedregal, Pedregal, Sur, La Paz, Pedro Domingo Murillo, La Paz, Bolivia"
16,POINT (-68.053502 -16.5482002),"Avenida A, Pedregal, Sur, La Paz, Pedro Domingo Murillo, La Paz, Bolivia"
17,POINT EMPTY,
18,POINT EMPTY,
19,POINT EMPTY,
20,POINT EMPTY,
21,POINT (-68.0489001 -16.538895),"Calle 50, Chasquipampa, Sur, La Paz, Pedro Domingo Murillo, La Paz, Bolivia"
22,POINT EMPTY,
23,POINT EMPTY,
24,POINT EMPTY,
25,POINT (-67.9382744 -16.8845181),"Achumani, Municipio Sapahaqui, Provincia Loayza, La Paz, Bolivia"
26,POINT EMPTY,
27,POINT (-68.1102388 -16.5194813),"Calle 2, Alto Obrajes Sector D, Sur, La Paz, Pedro Domingo Murillo, La Paz, Bolivia"
28,POINT (-68.1231883 -16.4812224),"Calle Felipe Lopez, Villa Fátima, Periférica, La Paz, Pedro Domingo Murillo, La Paz, Bolivia"
29,POINT (-68.0820747 -16.5021211),"Calle E, Irpavi II, Sur, La Paz, Pedro Domingo Murillo, La Paz, Bolivia"
30,POINT EMPTY,
31,POINT (-68.1026937 -16.4989404),"Calle 5, Pampahasi, San Antonio, La Paz, Pedro Domingo Murillo, La Paz, Bolivia"
32,POINT EMPTY,
33,POINT (-68.0902382 -16.5679996),"Calle 2, Mallasa, La Paz, Pedro Domingo Murillo, La Paz, Bolivia"
34,POINT (-68.1297842 -16.502422),"Centro, La Paz, Pedro Domingo Murillo, La Paz, Bolivia"
35,POINT (-68.0726892 -16.546484),"Calle 6, Lomas de Auquisamaña, Sur, La Paz, Pedro Domingo Murillo, La Paz, Bolivia"
36,POINT (-68.0820747 -16.5021211),"Calle E, Irpavi II, Sur, La Paz, Pedro Domingo Murillo, La Paz, Bolivia"
37,POINT (-68.0613333 -16.5462108),"Calle 31, Los Geranios, Sur, La Paz, Pedro Domingo Murillo, La Paz, Bolivia"
38,POINT (-68.0726892 -16.546484),"Calle 6, Lomas de Auquisamaña, Sur, La Paz, Pedro Domingo Murillo, La Paz, Bolivia"
39,POINT EMPTY,
40,POINT EMPTY,
41,POINT (-68.1161758 -16.5274656),"Avenida Los Sargentos, Sur, La Paz, Pedro Domingo Murillo, La Paz, Bolivia"
42,POINT (-68.1040221 -16.5328443),"Avenida del Policía, Reyes Carvajal, Sur, La Paz, Pedro Domingo Murillo, La Paz, Bolivia"
43,POINT EMPTY,
44,POINT EMPTY,
45,POINT EMPTY,
46,POINT EMPTY,
47,POINT (-68.072903 -16.5453335),"Banco Nacional de Bolivia, Calle José Maria Aguirre Acha, Serranías de Calacoto, Sur, La Paz, Pedro Domingo Murillo, La Paz, Bolivia"
48,POINT (-68.1407277 -16.512726),"Calle José Saravia, Zona las Nieves / Tembladerani, Cotahuma, La Paz, Pedro Domingo Murillo, La Paz, Bolivia"
49,POINT EMPTY,
50,POINT EMPTY,
51,POINT (-67.9382744 -16.8845181),"Achumani, Municipio Sapahaqui, Provincia Loayza, La Paz, Bolivia"
52,POINT (-67.9382744 -16.8845181),"Achumani, Municipio Sapahaqui, Provincia Loayza, La Paz, Bolivia"
53,POINT EMPTY,
54,POINT EMPTY,
55,POINT (-68.0829997 -16.5025652),"Calle 5, Irpavi II, Sur, La Paz, Pedro Domingo Murillo, La Paz, Bolivia"
56,POINT (-68.088055 -16.5693149),"Calle El Agrario, Mallasa, La Paz, Pedro Domingo Murillo, La Paz, Bolivia"
57,POINT EMPTY,
58,POINT EMPTY,
59,POINT (-68.1251958 -16.4974011),"Calle Casimiro Corrales, Miraflores, Centro, La Paz, Pedro Domingo Murillo, La Paz, Bolivia"
60,POINT EMPTY,
61,POINT EMPTY,
62,POINT EMPTY,
63,POINT EMPTY,
64,POINT (-68.0827447 -16.5387682),"Calle 17, Calacoto, Sur, La Paz, Pedro Domingo Murillo, La Paz, Bolivia"
65,POINT EMPTY,
66,POINT EMPTY,
67,POINT (-68.0736753 -16.5299455),"Calle 16, Achumani, Sur, La Paz, Pedro Domingo Murillo, La Paz, Bolivia"
68,POINT EMPTY,
69,POINT (-68.080559 -16.5229935),"Alto Irpavi, Sur, La Paz, Pedro Domingo Murillo, La Paz, Bolivia"
70,POINT (-67.9382744 -16.8845181),"Achumani, Municipio Sapahaqui, Provincia Loayza, La Paz, Bolivia"
71,POINT (-67.9382744 -16.8845181),"Achumani, Municipio Sapahaqui, Provincia Loayza, La Paz, Bolivia"
72,POINT (-68.6355054 -17.2826209),"Calacoto, Municipio Calacoto, Provincia Pacajes, La Paz, Bolivia"
73,POINT (-68.0736753 -16.5299455),"Calle 16, Achumani, Sur, La Paz, Pedro Domingo Murillo, La Paz, Bolivia"
74,POINT (-68.0959394 -16.575464),"Retamani IV, Mallasa, Achocalla, Pedro Domingo Murillo, La Paz, Bolivia"
75,POINT EMPTY,
76,POINT EMPTY,
77,POINT (-68.0736753 -16.5299455),"Calle 16, Achumani, Sur, La Paz, Pedro Domingo Murillo, La Paz, Bolivia"
78,POINT (-68.0709256 -16.5415987),"Calle 26, Los Pinos, Sur, La Paz, Pedro Domingo Murillo, La Paz, Bolivia"
79,POINT EMPTY,
80,POINT EMPTY,
81,POINT EMPTY,
82,POINT (-68.0736753 -16.5299455),"Calle 16, Achumani, Sur, La Paz, Pedro Domingo Murillo, La Paz, Bolivia"
83,POINT (-66.9561011 -17.5895077),"Aranjuez, Municipio Colquiri, Provincia Inquisivi, La Paz, Bolivia"
84,POINT (-68.0736753 -16.5299455),"Calle 16, Achumani, Sur, La Paz, Pedro Domingo Murillo, La Paz, Bolivia"
85,POINT (-68.0707463 -16.5289676),"Calle 22, Achumani, Sur, La Paz, Pedro Domingo Murillo, La Paz, Bolivia"
86,POINT EMPTY,
87,POINT EMPTY,
88,POINT (-68.0632075 -16.5400175),"Calle 30, Cota Cota, Sur, La Paz, Pedro Domingo Murillo, La Paz, Bolivia"
89,POINT EMPTY,
90,POINT EMPTY,
91,POINT (-69.0010604 -15.5448056),"Paripampa, Municipio Mocomoco, Provincia de Eliodoro Camacho, La Paz, Bolivia"
92,POINT EMPTY,
93,POINT EMPTY,
94,POINT EMPTY,
95,POINT EMPTY,
96,POINT EMPTY,
97,POINT (-68.1119722 -16.5561464),"Urbanización Sequoia, Sur, Achocalla, Pedro Domingo Murillo, La Paz, Bolivia"
98,POINT (-67.4203538 -16.5073793),"San Jorge, Municipio Irupana, Provincia Sud Yungas, La Paz, Bolivia"
99,POINT EMPTY,
