Name,Artwork ID
A. E. Gallatin,1
Man Ray (Emmanuel Radnitzky),1
Manolo Millares,1
Manoucher Yektai,1
Marcel Jean,1
Marcello Muccini,1
Marcelo Bonevardi,1
Marcos Grigorian,1
Maria Lassnig,1
Mariano (Mariano Rodríguez),1
Malcolm Bailey,1
Marina Stern,1
Mario Urteaga,1
Mark Bradford,1
Mark Innerst,1
Mark Lancaster,1
Mark Tansey,1
Mark Tobey,1
Mark di Suvero,1
Markus Lüpertz,1
Martin Baer,1
Mario Merz,1
Martin Wong,1
Magnus Plessen,1
Lynn Bowers,1
Le Corbusier (Charles-Édouard Jeanneret),1
Lee Bontecou,1
Lee Gatch,1
Lee Lozano,1
Lee Ufan,1
Leonard French,1
Leonardo Cremonini,1
Lester F. Johnson,1
Lidy Prati,1
Lynton Wells,1
Lisa Yuskavage,1
Lorser Feitelson,1
Lothar Quinte,1
Louis Cane,1
Louis Marcoussis,1
Lovis Corinth,1
Ludwig Sander,1
Luis Fernando Benedit,1
Luis Martínez Pedro,1
Lygia Clark,1
Lois Lane,1
Lawrence Stephen Lowry,1
Mary Weatherford,1
Matthew Abbott,1
Mitchell Siporin,1
Mladen Stilinović,1
Modest Cuixart,1
Mohan B. Samant,1
Mohsen Vaziri-Moqaddam,1
Mona Hatoum,1
Morris Kantor,1
Moses Soyer,1
Moshe Elazar Castel,1
Miroslav Sutej,1
Mowry Thatcher Baden,1
Nagwaraba,1
Nassos Daphnis,1
Nathan Oliveira,1
Nedo Mion Ferrario,1
Neil Welliver,1
Nicholas Africano,1
Nicholas Krushenick,1
Nicolas de Staël,1
Nicole Eisenman,1
Myron Stout,1
Mateo Manaure,1
Mimmo Paladino,1
Miguel Ocampo,1
Matthew Rackham Barnes,1
Matthew Smith,1
Maud Morgan,1
Maurice Grosser,1
Maurice Prendergast,1
Maurice Sievan,1
Maurice Utrillo,1
Maurice de Vlaminck,1
Max Bill,1
Mikhail Matiushin,1
Max Oppenheimer (MOPP),1
Meret Oppenheim,1
Mervin Jules,1
Michael Gross,1
Michael Venezia,1
Michael Williams,1
Michaela Eichwald,1
Michelangelo Pistoletto,1
Michelle Stuart,1
Miguel Angel Rios,1
Max Schnitzler,1
Lawrence Calcagno,1
Laura Owens,1
Larry Zox,1
Jean McEwen,1
Jean Messagier,1
Jean Ève,1
Jean-Paul Riopelle,1
Jeanne Reynal,1
Jedd Garet,1
Jeff Elrod,1
Jenny Holzer,1
Jess,1
Jean Lurçat,1
Jewett Campbell,1
Joan Josep Tharrats,1
Joan Snyder,1
Joan Witek,1
Joanna Pousette-Dart,1
Joe Goode,1
John Atherton,1
John Clem Clarke,1
John Covert,1
John Currin,1
Joan Brown,1
John Day,1
Jean Fautrier,1
Jankel Adler,1
Isa Genzken,1
Israel Litwak,1
Iurii Annenkov,1
Ivan Kliun,1
Ivan Le Lorraine Albright,1
Ivo Pannaggi,1
J. Trevor Wood,1
Jack Goldstein,1
Jacqueline Humphries,1
Jean Bazaine,1
Jacques Charlier,1
James Edward Davis,1
James Henry Daugherty,1
James Jarvaise,1
James McGarrell,1
Jan Dibbets,1
Jan J. Schoonhoven,1
Jan Lebenstein,1
Jan Müller,1
Jane Wilson,1
James Bishop,1
John Ferren,1
John Hultberg,1
John Opper,1
Karl Hofer,1
Karl Knaths,1
Karl Zerbe,1
Katherine Porter,1
Katherine S. Dreier,1
Kazuo Nakamura,1
Kees van Dongen,1
"Kerstin Brätsch, Adele Röder",1
Key Hiraga,1
Karin Sander,1
Kim Beom,1
"Komar and Melamid, Vitaly Komar, Aleksandr Danilovich Melamid",1
Konrad Lueg,1
Kumi Sugaï,1
Kurt Roesch,1
Kurt Schwitters,1
Kurt Seligmann,1
Lajos D'Ebneth,1
Lari Pittman,1
Larry Poons,1
Kirsten Kraa,1
Jörg Immendorff,1
Jóhannes Sveinsson Kjarval,1
Jutta Koether,1
John Piper,1
John Randall Bratby,1
John Tunnard,1
Jonathan Borofsky,1
Jorge Eielson,1
Jose Antonio Fernández-Muro,1
Joseph Glasco,1
Joseph Kosuth,1
Joseph Mellor Hanson,1
Joseph Ndandarika,1
Joseph Pickett,1
José María Sicilia,1
José Pancetti,1
Juan Genovés,1
Émile Bernard,1
Judit Reigl,1
Julian E. Levi,1
Julian Schnabel,1
Julian Stanczak,1
Julije Knifer,1
Julio Castellanos,1
Nina Tryggvadottir,1
Norman Bluhm,1
Olga Rozanova,1
Oli Sihvonen,1
Stanley Twardowicz,1
Stefan Knapp,1
Stefan Kürten,1
Stephen Greene,1
Sue Williams,1
Suzanne Valadon,1
Sylvia Plimack Mangold,1
Sándor (Alexander) Bortnyik,1
Séraphine Louis,1
Stanley Spencer,1
Takashi Murakami,1
Tauba Auerbach,1
Theodor Werner,1
Theodore Lux Feininger,1
Theora Hamblett,1
Thomas Hart Benton,1
Thomas Mukarobgwa,1
Thomas Scheibitz,1
Thomas Sills,1
Tim Bavington,1
Takeshi Kawashima,1
"Tim Rollins, K.O.S. (Kids of Survival), Angel Abreu, Jose Burges, Robert Delgado, George Garces, Richard Lulo, Nelson Montes, José Parissi, Carlos Rivera, Annette Rosado, Nelson Ricardo Savinon",1
Stanislao Lepri,1
Sonia Delaunay-Terk,1
Salvatore Scarpitta,1
Sam Joseph Ntiro,1
Sandra Blow,1
Sandra Gamarra,1
Sandro Chia,1
Santiago Cárdenas,1
Sarah Grilo,1
Sarah Morris,1
Sarai Sherman,1
Sophie Calle,1
Satish Gujral,1
Serge Poliakoff,1
Seth Price,1
Shirazeh Houshiary,1
Shirley Jaffe,1
Shuji Mukai,1
Sidney Goodman,1
Sidney Laufman,1
Sidney Nolan,1
Simon Hantaï,1
Seiji Chokai,1
Tom Blackwell,1
Tom Holland,1
Tomma Abts,1
William Doriani,1
William Gropper,1
William H. Johnson,1
William Kurelek,1
William Pettet,1
William Ronald,1
William T. Williams,1
Willys de Castro,1
Wilson Bigaud,1
William Congdon,1
Wladyslaw Strzemiński,1
Wolfgang Paalen,1
Wols (A. O. Wolfgang Schulze),1
Yasuo Kuniyoshi,1
Yayoi Kusama,1
Yinka Shonibare,1
Yvonne Jacquette,1
Zbigniew Gostomski,1
Zbigniew Makowski,1
Zvi Gali,1
Wojciech Fangor,1
William Bailey,1
Will Insley,1
Will Barnet,1
Toni Costa,1
Tony Smith,1
Ulysse Comtois,1
Varvara Stepanova,1
Vasudeo S. Gaitonde,1
Vern Blosum,1
Victor Servranckx,1
Vilmos Huszár,1
Vincent Canadé,1
Virginia Admiral,1
Vladimir Nikolaevich Nemukhin,1
Wade Guyton,1
Wallace Putnam,1
Wally Hedrick,1
Walt Kuhn,1
Walter Dexel,1
Walter Stuempfig,1
Walter William Barker,1
Walter Zehringer,1
Wayne Thiebaud,1
Wilhelm Sasnal,1
Salvatore Fiume,1
Irving Kriesberg,1
Sally Hazelet Drummond,1
Saburo Murakami,1
Peter Saul,1
Philip Evergood,1
Philip Taaffe,1
Philippe Hosiasson,1
Philomé Obin,1
Piero Dorazio,1
Pierre Clerk,1
Rafael Moreno,1
Ralph Goings,1
Peter Purves-Smith,1
Raoul Ubac,1
Raqib Shaw,1
Raquel Forner,1
Raúl Anguiano,1
Red Grooms,1
Ree Morton,1
Reena Spaulings,1
Reginald Marsh,1
Renato Cristiano,1
René Brô,1
Raphael Soyer,1
René Robert Bouché,1
Peter Klasen,1
Peter Dechar,1
Oliver Jackson,1
Olle Baertling,1
Omar Carreño,1
Onofrio A. Pacenza,1
Oscar Domínguez,1
Oskar Schlemmer,1
Otto Mueller,1
Otto Piene,1
Pamela Bianco,1
Peter Halley,1
Park Seo Bo,1
Patrick Henry Bruce,1
Patrick Scott,1
Paul (Pavel Mansurov) Mansouroff,1
Paul Delvaux,1
Paul Feeley,1
Paul Jenkins,1
Paul van Hoeydonck,1
Paul-Émile Borduas,1
Paulo Monteiro,1
Pasquale (Patsy) Santo,1
René Vincent,1
Reuben Tam,1
Reuven Rubin,1
Roberto Berdecio,1
Roberto Montenegro,1
Roberto Ossaye,1
Robin Winters,1
Robyn Denny,1
Roderic O'Conor,1
Roger Bissière,1
Roger Brown,1
Roger de La Fresnaye,1
Robert Richenburg,1
Roger van Rogger,1
Ron Davis,1
Ron Gorchov,1
Ron Kleemann,1
Ronald Markman,1
Ronnie Landfield,1
Rosemarie Trockel,1
Roy Adzak,1
Rudolf Baranik,1
Ryan Sullivan,1
Roland Dorcély,1
Robert Natkin,1
Robert Morris,1
Robert MacBryde,1
Richard Bosman,1
Richard Estes,1
Richard Eurich,1
Richard Lytle,1
Richard Munsell,1
Richard Oelze,1
Richard Paul Lohse,1
Richard Prince,1
Richard Wright,1
Rico Lebrun,1
Robert Beauchamp,1
Robert Colescott,1
Robert Colquhoun,1
Robert Gober,1
Robert Hansen,1
Robert Huot,1
Robert Indiana,1
Robert Irwin,1
Robert Kabak,1
Robert Kushner,1
Robert Longo,1
Saliba Douaihy,1
Ida E. Fischer,1
Juan O'Gorman,1
David Smith,1
Claude Viallat,1
Conrad Marca-Relli,1
Cândido Portinari,1
César Paternosto,1
Dan Christensen,1
Dana Schutz,1
Daniel LaRue Johnson,1
Darrel Austin,1
David Burliuk,1
David Deutsch,1
David Prentice,1
David Simpson,1
Ida Applebroog,1
David Webster,1
Denise Green,1
"Dieter Roth, Ingrid Wiener",1
Dimitri Mikhailovich Krasnopevtsev,1
Clara McDonald Williamson,1
Chéri Samba,1
Christopher Le Brun,1
Christo,1
Bruno Ceccobelli,1
Bryan Wynter,1
Byron Thomas,1
Camille Bombois,1
Carl Buchheister,1
Carl-Henning Pedersen,1
Carlos Cruz-Diez,1
Carlos González Bogen,1
Dominique-Paul Peyronnet,1
Carlos Zilio,1
Carroll Cloar,1
Charles Hinman,1
Charles Seliger,1
Charline von Heyl,1
Charmion von Wiegand,1
Check  Boterf,1
Cheyney Thompson,1
Christina Ramberg,1
Carmen Herrera,1
Donald  Kaufman,1
Donald Judd,1
Donald Sultan,1
Enrique Zañartu,1
Eric Isenburger,1
Erich Buchholz,1
Ernest  Trova,1
Ernest Fiene,1
Erol (Erol Akyavas),1
Etel Adnan,1
Eugene Fernandez Granell,1
Enrico Prampolini,1
Eugenie Baizerman,1
Everett Spruce,1
Evert Lundquist,1
Evsa Model,1
Faith Ringgold,1
Fannie Hillsmith,1
Felix Gonzalez-Torres,1
Fidelio Ponce De León,1
Fletcher Martin,1
Eugène Carrière,1
Bruce Tippett,1
Emilio Rodríguez Larraín,1
Elsa Schmid,1
Dorothea Tanning,1
Douglas Blau,1
Eberhard Havekost,1
Ed Clark,1
Ed Moses,1
Edmondo Bacci,1
Eduardo A. MacEntyre,1
Edvard Munch,1
Emilio Pettoruti,1
"Edward C. (""Pa"") Hunt",1
Egon Schiele,1
"Ei Arakawa, Nikolas Gambaroff",1
El Anatsui,1
Eleanore Mikus,1
Elizabeth Sparhawk-Jones,1
Ellen Phelan,1
Elmer Bischoff,1
Elmer Schooley,1
Edward Corbett,1
Francis Celentano,1
Bruce Nauman,1
Brad Davis,1
Alex Israel,1
Alexander Brook,1
Alexei Alexandrovich Tyapushkin,1
Alexei Jawlensky,1
Alfred H. Maurer,1
Alfred Leslie,1
Alfredo Guido,1
Alfredo Volpi,1
Alfredo Zalce,1
Alice Baber,1
Allan McCollum,1
Allen Ruppersberg,1
Alma Woodsey Thomas,1
Amy Sillman,1
Amédée Ozenfant,1
Andrew Wyeth,1
André Lanskoy,1
Alex Colville,1
Alejandro Puente,1
Alejandro Otero,1
Alberto da Veiga Guignard,1
A.R. Penck (Ralf Winkler),1
Abraham Rattner,1
Abraham Walkowitz,1
Ad Dekkers,1
Adam Pendleton,1
Adolf Richard Fleischmann,1
Ahmed Yacoubi,1
Al Hansen,1
André Marchand,1
Al Loving,1
Alan Cote,1
Alan Reynolds,1
Alan Shields,1
Albert Bloch,1
Albert Gleizes,1
Albert Oehlen,1
Albert Urban,1
Alberto Burri,1
Alain Jacquet,1
Annette Lemieux,1
Annette Messager,1
Antoine Pevsner,1
Ay-O,1
Barbara Kruger,1
Bart Van Der Leck,1
"Batiste Madalena, Josef von Sternberg",1
Beatriz González,1
Beatriz Milhazes,1
Bedri Rahmi,1
Ben Cunningham (Benjamin Frazier Cunningham),1
Avery Singer,1
Ben Shahn,1
Bernard Buffet,1
Bernard Cohen,1
Bernard Karfiol,1
Bhupen P. Khakhar,1
Billy Al Bengston,1
Billy Sullivan,1
Blake Rayne,1
Bob Thompson,1
Benny Andrews,1
Bruce Boice,1
Augustus Vincent Tack,1
August Macke,1
Anton Refregier,1
Antonieta Sosa,1
Antonio Berni,1
Antonio Corpora,1
Antonio López García,1
Antonio Ruiz,1
Antonio Segui,1
Antonio Zoran Music,1
Augusto Giacometti,1
Arbit Blatas,1
Arman,1
Armando Morales Sequeira,1
Armando Pizzinato,1
Arnold Schmidt,1
Arthur B. Carles,1
Arthur Osver,1
Atsuko Tanaka,1
Audrey Flack,1
Arch Connelly,1
Francisco Borès,1
Öyvind Fahlström,1
Hermann Nitsch,1
Gabriel Orozco,1
Fritz Winter,1
George Tooker,1
"Guyton\Walker, Wade Guyton, Kelley Walker",1
Giorgio Cavallon,1
Howardena Pindell,1
Gérard Schneider,1
Gandy Brodie,1
Gino De Dominicis,1
Gianfranco Baruchello,1
Horace Pippin,1
Frederick Kiesler,1
Fred Tomaselli,1
Ha Chonghyun,1
Hale Woodruff,1
Hans Hartung,1
Georges Ribemont-Dessaignes,1
Gary Stephan,1
Gastone Novelli,1
Guy Pène du Bois,1
Graham Coughtry,1
George L. K. Morris,1
Gonzalo Ariza,1
Gregory Amenoff,1
Grégoire Müller,1
Guido Molinari,1
Giuseppe Guerreschi,1
George Ault,1
Honoré Sharrer,1
Giuseppe Capogrossi,1
Genichiro Inokuma,1
Hundertwasser (Friedrich Stowasser),1
Frank Auerbach,1
Hélio Oiticica,1
Gustaf Oscar Dalström,1
George Sugarman,1
Gene Davis,1
François Morellet,1
Hap Tivey,1
Frederick Papsdorf,1
Harold Barling Town,1
Gertrude Greene,1
Henri Laurens,1
Ger Lataster,1
Henri Le Fauconnier,1
Howard Hodgkin,1
Ger van Elk,1
Franklin Chenault Watkins,1
Heitor dos Prazeres,1
Gerald Murphy,1
Frans Krajcberg,1
Heinrich Campendonk,1
Henry Pearson,1
Frank Bowling,1
Iaroslav Serpan,1
Hiram Draper Williams,1
Franz Marc,1
Harry Zolotow,1
Herbert Bayer,1
Herman Rose,1
Ibrahim El Salahi,1
Horia Damian,1
Henry Taylor,1
Howard Mehring,1
Camille Graeser,2
Paul Signac,2
René Pierre Tal-Coat,2
Glenn Ligon,2
Albert Tucker,2
Gotthard Graubner,2
Richard Anuszkiewicz,2
Alan Davie,2
Cleve Gray,2
Jorge Damiani,2
Jack Levine,2
Carlo Carrà,2
Christopher Wool,2
R. B. Kitaj,2
William Baziotes,2
Jack Tworkov,2
Rackstraw Downes,2
Pierre Soulages,2
"Gilbert & George, Gilbert Proesch, George Passmore",2
Ralph Humphrey,2
Raoul Dufy,2
Carroll Dunham,2
Per Kirkeby,2
Raymond Parker,2
Charles Sheeler,2
Piero Manzoni,2
James Francis Gill,2
Jack Whitten,2
William Copley,2
Chris Ofili,2
Peter Young,2
Preston Dickinson,2
Renato Guttuso,2
Joseph Hirsch,2
John McLaughlin,2
Beauford Delaney,2
John Levee,2
Arnold Friedman,2
Armando Reverón,2
Jesús Rafael Soto,2
James Brooks,2
Jean Metzinger,2
Shusaku Arakawa,2
Hedda Sterne,2
Sophie Taeuber-Arp,2
James Ensor,2
Jean Charlot,2
Sue Coe,2
André Bauchant,2
Victor Pasmore,2
Tadasky (Tadasuke Kuwayama),2
Amelia Peláez Del Casal,2
Takeo Yamaguchi,2
Amedeo Modigliani,2
Alton Pickens,2
Janet Sobel,2
Allan D'Arcangelo,2
Alighiero Boetti,2
Alice Neel,2
Henri Rousseau,2
Alfred Manessier,2
Alfonso Ossorio,2
Günther Förg,2
Richard Smith,2
Arnulf Rainer,2
Sam Gilliam,2
Bob Kane,2
Robert Barry,2
Robert Goodnough,2
Graham Sutherland,2
Betye Saar,2
Bernar Venet,2
Albert York,2
Robert Moskowitz,2
Walter Richard Sickert,2
Walter Quirt,2
Guillermo Kuitca,2
Johannes Itten,2
Paul Burlin,2
Walter Darby Bannard,2
Gustav Klimt,2
Rollin Crampton,2
Romare Bearden,2
Balcomb Greene,2
Ronald Bladen,2
Ross Bleckner,2
Hisao Domoto,2
Rubén Núñez,2
Jo Baer,2
Jimmy Ernst,2
Jim Nutt,2
Aleksandr Rodchenko,2
Clyfford Still,2
Ilya Bolotowsky,2
Patrick J. Sullivan,2
Malcolm Morley,2
Agam (Yaacov Agam),2
Kay Sage,2
Mordecai Ardon,2
Yoko Ono,2
Matt Connors,2
Irene Rice Pereira,2
Mangelos (Dimitrije Bašicevic),2
Ellen Gallagher,2
Agustín Fernández,2
George Maciunas,2
George McNeil,2
Karl Schmidt-Rottluff,2
Dimitri Petrovich Plavinsky,2
Afro (Afro Basaldella),2
Natalia Goncharova,2
Fernando Botero,2
Mary Heilmann,2
Emilio Vedova,2
Georges Mathieu,2
Fairfield Porter,2
Leon Polk Smith,2
Lyubov Popova,2
Abraham Palatnik,2
Michel Majerus,2
Michel Parmentier,2
El Lissitzky,2
Kerstin Brätsch,2
Kerry James Marshall,2
Mikhail Larionov,2
Kelley Walker,2
Eduardo Costa,2
Knud Merrild,2
Hyman Bloom,2
Elizabeth Peyton,2
Milton Resnick,2
Kenzo Okada,2
Leon Golub,2
Esteban Vicente,2
Edda Renouf,2
Jules Pascin,2
David Wojnarowicz,2
Nam June Paik,2
Enrico Donati,2
Lucy McKenzie,2
Louis Vivin,2
Lawrence Weiner,2
Enzo Cucchi,2
Eric Fischl,2
Forrest Bess,2
Maria Helena Vieira da Silva,2
Yves Klein,2
Francesco Clemente,2
Otto Freundlich,2
Julie Mehretu,2
Mario Sironi,2
Llyn Foulkes,2
Lawrence Lebduska,2
Cundo Bermúdez,2
Lucian Freud,2
Marlow Moss,2
Florine Stettheimer,2
Octave Landuyt,2
Kai Althoff,2
Niele Toroni,2
Lucio Fontana,2
David Salle,2
Georges Rouault,2
Martin Kippenberger,2
David Novros,2
David Hockney,2
Edwin Dickinson,2
Marsden Hartley,2
Georges Vantongerloo,2
Friedrich Vordemberge-Gildewart,2
Lee Krasner,3
Sean Scully,3
Jennifer Bartlett,3
Harvey Quaytman,3
Georg Baselitz,3
Stanton Macdonald-Wright,3
Jean Hélion,3
Marlene Dumas,3
Arthur Dove,3
Ernst Ludwig Kirchner,3
Max Weber,3
Mark Grotjahn,3
Gwen John,3
Antoni Tàpies,3
Eva Hesse,3
Emil Nolde,3
Arthur B. Davies,3
Joe Bradley,3
Vincent van Gogh,3
Frida Kahlo,3
Sam Francis,3
Maurice Sterne,3
Attilio Salemme,3
Jean (Hans) Arp,3
Benjamin Kopman,3
Karel Appel,3
Norman Lewis,3
Pierre Roy,3
Terry Winters,3
Joseph Stella,3
Victor Brauner,3
Philip Pearlstein,3
Christian Bérard,3
Geta Brătescu,3
Thomas Nozkowski,3
Louis Michel Eilshemius,3
Peter Doig,3
Thomas Wilfred,3
Otto Dix,3
Alexandra Exter,3
Leonid (Leonid Berman),3
Paul Gauguin,3
Jules Olitski,3
Pat Steir,3
Giorgio Morandi,3
Willi Baumeister,3
Gino Severini,3
Dorothea Rockburne,3
George Condo,3
John D. Graham,3
Robert Delaunay,3
Grace Hartigan,3
Alexander Liberman,3
Blinky Palermo,3
Milton Avery,3
Mira Schendel,3
Kenneth Noland,3
Bridget Riley,3
Morris Louis,3
George Grosz,3
Richard Hamilton,3
Richard Diebenkorn,3
Jack Youngerman,3
Lynette Yiadom-Boakye,3
Richard Aldrich,3
Burgoyne Diller,3
Richard Lindner,3
Sergej Jensen,3
Thomas Chimes,4
Theodoros Stamos,4
Theo van Doesburg (Christian Emil Marie Küpper),4
Marc Chagall,4
Francis Alÿs,4
Vija Celmins,4
Édouard Vuillard,4
Victor Vasarely,4
José Clemente Orozco,4
Morgan Russell,4
Niles Spencer,4
Bradley Walker Tomlin,4
Julius Bissier,4
Richard Tuttle,4
Edward Hopper,4
Giacomo Balla,4
Robert Mangold,4
Georges-Pierre Seurat,4
Michael Krebber,4
John Baldessari,4
Ben Nicholson,4
Georgia O'Keeffe,4
Diego Rivera,4
Oskar Kokoschka,4
Daniel Buren,4
Gerd Leufert,4
Salvador Dalí,4
Max Beckmann,4
Auguste Herbin,4
Rufino Tamayo,4
Pavel Tchelitchew,4
Fritz Glarner,4
Balthus (Baltusz Klossowski de Rola),4
Chaim Soutine,4
James Rosenquist,5
Luc Tuymans,5
Francis Bacon,5
Peter Blume,5
Pierre Bonnard,5
Claude Monet,5
Chuck Close,5
Eugene Berman,5
Jacques Villon,5
Hans Hofmann,5
Richard Pousette-Dart,5
Larry Rivers,5
John Kane,5
Lyonel Feininger,5
Helen Frankenthaler,5
Alberto Giacometti,5
Jim Dine,5
Neil Jenney,5
Anselm Kiefer,5
Franz Kline,5
František Kupka,5
Cy Twombly,6
Alfred Jensen,6
Loren MacIver,6
John Walker,6
Joan Mitchell,6
Juan Gris,6
David Alfaro Siqueiros,6
Josh Smith,6
Jake Berthot,6
Roberto Matta,6
Alex Katz,7
Al Held,7
René Magritte,7
Umberto Boccioni,7
Marcel Broodthaers,7
Mel Bochner,7
Edward Ruscha,7
Kazimir Malevich,7
R. H. Quaytman,7
Vasily Kandinsky,7
Richard Artschwager,7
Brice Marden,7
Joaquín Torres-García,7
Barnett Newman,7
Josef Albers,7
Tom Wesselmann,7
Sigmar Polke,7
Stuart Davis,7
Arshile Gorky,8
László Moholy-Nagy,8
Marcel Duchamp,8
Elizabeth Murray,8
Susan Rothenberg,8
Morris Hirshfield,8
Willem de Kooning,8
Max Ernst,9
Adolph Gottlieb,9
Agnes Martin,9
André Masson,9
Paul Cézanne,9
Robert Motherwell,9
Robert Ryman,9
Robert Rauschenberg,9
Francis Picabia,9
Roy Lichtenstein,10
Mark Rothko,10
Georges Braque,10
Ad Reinhardt,10
Yves Tanguy,11
Ellsworth Kelly,12
Jasper Johns,12
André Derain,12
Sherrie Levine,13
Richard Pettibone,13
Paul Klee,14
Giorgio de Chirico,14
Fernand Léger,15
Piet Mondrian,16
Andy Warhol,17
Jackson Pollock,18
Gerhard Richter,18
Joan Miró,19
Batiste Madalena,21
Philip Guston,23
Frank Stella,23
Jean Dubuffet,24
Ben Vautier,25
Odilon Redon,25
Jacob Lawrence,30
On Kawara,32
Henri Matisse,33
Pablo Picasso,55
